{
  "seeds": [
    0,
    1,
    2
  ],
  "baseline_comparisons": {
    "poker": {
      "Vanilla CFR": {
        "curve": {
          "iteration": [
            1.0,
            50.0,
            100.0,
            150.0,
            200.0,
            250.0
          ],
          "mean": [
            0.5138888888888888,
            0.2785902880200172,
            0.23786267873153943,
            0.25680649872231504,
            0.2936880908025377,
            0.30382514230713326
          ],
          "std": [
            0.009820927516479793,
            0.02774806512304612,
            0.011127815339082194,
            0.01624601956473567,
            0.022640862867448146,
            0.018959242559619442
          ],
          "final_mean": 0.30382514230713326,
          "final_std": 0.018959242559619442
        },
        "self_play_value_mean": -0.054402084086960754,
        "self_play_value_std": 0.010510568339563655
      },
      "CFR+": {
        "curve": {
          "iteration": [
            1.0,
            50.0,
            100.0,
            150.0,
            200.0,
            250.0
          ],
          "mean": [
            0.5138888888888888,
            0.2698710303509343,
            0.2488059306116079,
            0.2651137585605681,
            0.2693952283705374,
            0.2645186475356077
          ],
          "std": [
            0.009820927516479793,
            0.01660303842643962,
            0.005123682235435196,
            0.019063089357648486,
            0.017524825942845632,
            0.020520481899958486
          ],
          "final_mean": 0.2645186475356077,
          "final_std": 0.020520481899958486
        },
        "self_play_value_mean": -0.059178112825405645,
        "self_play_value_std": 0.005935434086285203
      },
      "MCCFR": {
        "curve": {
          "iteration": [
            1.0,
            50.0,
            100.0,
            150.0,
            200.0,
            250.0
          ],
          "mean": [
            0.4861111111111111,
            0.26733516396495643,
            0.2655339298401822,
            0.2779695859026175,
            0.278419103124457,
            0.28127630374434237
          ],
          "std": [
            0.03540985773328321,
            0.0715405838736797,
            0.041228380836686306,
            0.026559751132396007,
            0.01710350146621969,
            0.01624063283961437
          ],
          "final_mean": 0.28127630374434237,
          "final_std": 0.01624063283961437
        },
        "self_play_value_mean": -0.06120528244806164,
        "self_play_value_std": 0.011190175650763586
      },
      "Deep CFR": {
        "curve": {
          "iteration": [
            1.0,
            50.0,
            100.0,
            150.0,
            200.0
          ],
          "mean": [
            0.49999999999999994,
            0.3091943147129083,
            0.24212367209777066,
            0.21859688968363522,
            0.20812882167867475
          ],
          "std": [
            0.0,
            0.032623196095153094,
            0.015608961042869194,
            0.007669913945237514,
            0.007507322649246492
          ],
          "final_mean": 0.20812882167867475,
          "final_std": 0.007507322649246492
        },
        "self_play_value_mean": -0.01708140312619431,
        "self_play_value_std": 0.016711586022579102
      }
    },
    "trading": {
      "Vanilla CFR": {
        "curve": {
          "iteration": [
            1.0,
            20.0,
            40.0,
            60.0,
            80.0,
            100.0,
            120.0
          ],
          "mean": [
            1.2295209919063264,
            1.0297561562422495,
            0.9711582056739002,
            0.9821985736183659,
            0.9951940856215645,
            0.9024878088780756,
            0.9955672317283563
          ],
          "std": [
            0.034701699074769866,
            0.003170297462250948,
            0.022702763637919187,
            0.025450686855526827,
            0.045392603811527855,
            0.048296673302705054,
            0.0456979639225987
          ],
          "final_mean": 0.9955672317283563,
          "final_std": 0.0456979639225987
        }
      },
      "CFR+": {
        "curve": {
          "iteration": [
            1.0,
            20.0,
            40.0,
            60.0,
            80.0,
            100.0,
            120.0
          ],
          "mean": [
            1.2295209919063264,
            1.052033595716365,
            0.9775897474532259,
            0.9983027631154027,
            1.0071046073760999,
            0.9059444462670995,
            0.9780935971097051
          ],
          "std": [
            0.034701699074769866,
            0.016524839703382803,
            0.05352586764039319,
            0.01760895150609229,
            0.01518095676206188,
            0.025504197280179206,
            0.02902596019997737
          ],
          "final_mean": 0.9780935971097051,
          "final_std": 0.02902596019997737
        }
      },
      "MCCFR": {
        "curve": {
          "iteration": [
            1.0,
            20.0,
            40.0,
            60.0,
            80.0,
            100.0,
            120.0
          ],
          "mean": [
            1.2532174817453705,
            1.1904660283438735,
            1.1246694388973435,
            1.1550502338406077,
            1.1395287312196027,
            1.0269557086727465,
            1.1354425046337202
          ],
          "std": [
            0.06993209760839669,
            0.06579402145278912,
            0.05449304982059735,
            0.05578853850309607,
            0.025688300386153756,
            0.023598970670934777,
            0.06310833211332215
          ],
          "final_mean": 1.1354425046337202,
          "final_std": 0.06310833211332215
        }
      },
      "Deep CFR": {
        "curve": {
          "iteration": [
            1.0,
            20.0,
            40.0,
            60.0,
            80.0,
            100.0
          ],
          "mean": [
            1.2318673343606619,
            1.0124995376112351,
            0.8957926575834604,
            0.8844087687232306,
            0.9505843165311796,
            0.7781818826968089
          ],
          "std": [
            0.055900314024136755,
            0.041748482567341594,
            0.023400382505639337,
            0.01642831108616039,
            0.009476423091484528,
            0.04600376151127644
          ],
          "final_mean": 0.7781818826968089,
          "final_std": 0.04600376151127644
        }
      }
    }
  },
  "ablations": {
    "poker_exact_vs_sampled": {
      "Vanilla CFR": {
        "exact_exploitability": 0.2936880908025377,
        "sampled_exploitability_mean": 0.2874560827005726,
        "sampled_exploitability_std": 0.016649323157745803
      },
      "MCCFR": {
        "exact_exploitability": 0.278419103124457,
        "sampled_exploitability_mean": 0.2722994551407356,
        "sampled_exploitability_std": 0.03309093497788928
      }
    },
    "poker_deep_hidden_size": {
      "hidden_64": {
        "iteration": [
          1.0,
          45.0,
          90.0,
          135.0,
          180.0
        ],
        "mean": [
          0.49999999999999994,
          0.3311162953528754,
          0.24733354301579524,
          0.22084924884386647,
          0.20997931193419875
        ],
        "std": [
          0.0,
          0.019096760618019563,
          0.01613856535634036,
          0.006841018143053338,
          0.004610626680168305
        ],
        "final_mean": 0.20997931193419875,
        "final_std": 0.004610626680168305
      },
      "hidden_128": {
        "iteration": [
          1.0,
          45.0,
          90.0,
          135.0,
          180.0
        ],