{
  "game": "poker",
  "evaluation": "Exact root enumeration over all 6 private-card deals",
  "iterations": 200,
  "eval_every": 50,
  "eval_episodes": 400,
  "seeds": [
    0,
    1,
    2
  ],
  "trainers": {
    "Vanilla CFR": {
      "curve": {
        "iteration": [
          1.0,
          50.0,
          100.0,
          150.0,
          200.0
        ],
        "mean": [
          0.5138888888888888,
          0.2785902880200172,
          0.23786267873153943,
          0.25680649872231504,
          0.2936880908025377
        ],
        "std": [
          0.009820927516479793,
          0.02774806512304612,
          0.011127815339082194,
          0.01624601956473567,
          0.022640862867448146
        ],
        "final_mean": 0.2936880908025377,
        "final_std": 0.022640862867448146
      },
      "final_exploitability_mean": 0.2936880908025377,
      "final_exploitability_std": 0.022640862867448146,
      "self_play_value_mean": -0.04472140832552523,
      "self_play_value_std": 0.005577387142119192
    },
    "CFR+": {
      "curve": {
        "iteration": [
          1.0,
          50.0,
          100.0,
          150.0,
          200.0
        ],
        "mean": [
          0.5138888888888888,
          0.2698710303509343,
          0.2488059306116079,
          0.2651137585605681,
          0.2693952283705374
        ],
        "std": [
          0.009820927516479793,
          0.01660303842643962,
          0.005123682235435196,
          0.019063089357648486,
          0.017524825942845632
        ],
        "final_mean": 0.2693952283705374,
        "final_std": 0.017524825942845632
      },
      "final_exploitability_mean": 0.2693952283705374,
      "final_exploitability_std": 0.017524825942845632,
      "self_play_value_mean": -0.05996109956331372,
      "self_play_value_std": 0.0063181693775493895
    },
    "Deep CFR": {
      "curve": {
        "iteration": [
          1.0,
          50.0,
          100.0,
          150.0,
          200.0
        ],
        "mean": [
          0.49999999999999994,
          0.3091943147129083,
          0.24212367209777066,
          0.21859688968363522,
          0.20812882167867475
        ],
        "std": [
          0.0,
          0.032623196095153094,
          0.015608961042869194,
          0.007669913945237514,
          0.007507322649246492
        ],
        "final_mean": 0.20812882167867475,
        "final_std": 0.007507322649246492
      },
      "final_exploitability_mean": 0.20812882167867475,
      "final_exploitability_std": 0.007507322649246492,
      "self_play_value_mean": -0.01708140312619431,
      "self_play_value_std": 0.016711586022579102
    }
  },
  "representative_strategy": {
    "infoset": "K_start",
    "actions": [
      "check",
      "bet"
    ],
    "average_strategy": [
      0.6166426779871328,
      0.3833573220128671
    ]
  }
}