{
  "game": "trading",
  "evaluation": "Sampled root scenarios from the synthetic market library",
  "iterations": 120,
  "eval_every": 30,
  "eval_episodes": 120,
  "seeds": [
    0,
    1,
    2
  ],
  "horizon": 2,
  "num_scenarios": 128,
  "trainers": {
    "Vanilla CFR": {
      "curve": {
        "iteration": [
          1.0,
          30.0,
          60.0,
          90.0,
          120.0
        ],
        "mean": [
          1.2295209919063264,
          1.04092773281235,
          0.9821985736183659,
          0.9758049196518307,
          0.9955672317283563
        ],
        "std": [
          0.034701699074769866,
          0.04811865579170352,
          0.025450686855526827,
          0.0623955359711271,
          0.0456979639225987
        ],
        "final_mean": 0.9955672317283563,
        "final_std": 0.0456979639225987
      },
      "final_exploitability_mean": 0.9955672317283563,
      "final_exploitability_std": 0.0456979639225987,
      "self_play_value_mean": 0.008828954466537383,
      "self_play_value_std": 0.07821721236604384
    },
    "CFR+": {
      "curve": {
        "iteration": [
          1.0,
          30.0,
          60.0,
          90.0,
          120.0
        ],
        "mean": [
          1.2295209919063264,
          1.0481546495463074,
          0.9983027631154027,
          0.9894738950563783,
          0.9780935971097051
        ],
        "std": [
          0.034701699074769866,
          0.030958164990215427,
          0.01760895150609229,
          0.08119813115829283,
          0.02902596019997737
        ],
        "final_mean": 0.9780935971097051,
        "final_std": 0.02902596019997737
      },
      "final_exploitability_mean": 0.9780935971097051,
      "final_exploitability_std": 0.02902596019997737,
      "self_play_value_mean": -0.012792626393513256,
      "self_play_value_std": 0.07654814202585182
    },
    "MCCFR": {
      "curve": {
        "iteration": [
          1.0,
          30.0,
          60.0,
          90.0,
          120.0
        ],
        "mean": [
          1.2532174817453705,
          1.1821177269321947,
          1.1550502338406077,
          1.141399161318737,
          1.1354425046337202
        ],
        "std": [
          0.06993209760839669,
          0.049158694343467084,
          0.05578853850309607,
          0.07182486184737998,
          0.06310833211332215
        ],
        "final_mean": 1.1354425046337202,
        "final_std": 0.06310833211332215
      },
      "final_exploitability_mean": 1.1354425046337202,
      "final_exploitability_std": 0.06310833211332215,
      "self_play_value_mean": 0.013282587071121031,
      "self_play_value_std": 0.055163922116909424
    },
    "Deep CFR": {
      "curve": {
        "iteration": [
          1.0,
          30.0,
          60.0,
          90.0,
          120.0
        ],
        "mean": [
          1.2318673343606619,
          0.9629563349102529,
          0.8844087687232306,
          0.9079125235570232,
          0.8997573094674314
        ],
        "std": [
          0.055900314024136755,
          0.03297866620584436,
          0.01642831108616039,
          0.10660775757455868,
          0.04436182817320888
        ],
        "final_mean": 0.8997573094674314,
        "final_std": 0.04436182817320888
      },
      "final_exploitability_mean": 0.8997573094674314,
      "final_exploitability_std": 0.04436182817320888,
      "self_play_value_mean": -0.07165084110955207,
      "self_play_value_std": 0.0479989668498917
    }
  },
  "representative_strategy": {
    "infoset": "round0_p0_inv0_moveflat_start",
    "actions": [
      "narrow",
      "wide",
      "skewbid",
      "skewask"
    ],
    "average_strategy": [
      0.7466821615839131,
      0.010578270400084822,
      0.025370580129530636,
      0.21736898788647144
    ]
  }
}